<application>
  <component name="MavenWrapperMapping">
    <option name="mapping">
      <map>
        <entry key="https://repo.maven.apache.org/maven2/org/apache/maven/apache-maven/3.9.3/apache-maven-3.9.3-bin.zip" value="$USER_HOME$/.m2/wrapper/dists/apache-maven-3.9.3-bin/54p6kc7m0ap3os8bc4ge28ia2/apache-maven-3.9.3" />
        <entry key="https://repo.maven.apache.org/maven2/org/apache/maven/apache-maven/3.9.4/apache-maven-3.9.4-bin.zip" value="$USER_HOME$/.m2/wrapper/dists/apache-maven-3.9.4-bin/2vqnav6ufo1qvo5j2um40861m/apache-maven-3.9.4" />
      </map>
    </option>
  </component>
</application>