<application>
  <component name="ProjectManager">
    <defaultProject>
      <component name="PropertiesComponent">{
  &quot;keyToString&quot;: {
    &quot;settings.editor.selected.configurable&quot;: &quot;preferences.keymap&quot;
  }
}</component>
      <component name="WindowStateProjectService">
        <state x="451" y="1253" width="1022" height="737" key="SettingsEditor" timestamp="1687778848021">
          <screen x="0" y="1080" width="1920" height="1080" />
        </state>
        <state x="451" y="1253" width="1022" height="737" key="SettingsEditor/0.1080.1920.1080/0.0.1920.1080" timestamp="1687778848021" />
      </component>
      <component name="masterDetails">
        <states>
          <state key="ProjectJDKs.UI">
            <settings>
              <last-edited>17</last-edited>
              <splitter-proportions>
                <option name="proportions">
                  <list>
                    <option value="0.2" />
                  </list>
                </option>
              </splitter-proportions>
            </settings>
          </state>
        </states>
      </component>
    </defaultProject>
  </component>
</application>